<?xml version="1.0" encoding="utf-8"?>
<metafile
	version="1.7" client="installation">
	<name>Croatian</name>
	<version>1.7.0</version>
	<creationDate>2011-08-01</creationDate>
	<author>Croatian Translation Team</author>
	<authorEmail>prijevod@joomla-hrvatska.com</authorEmail>
	<authorUrl>www.joomla-hrvatska.com</authorUrl>
 	<copyright>Copyright (C) 2005 - 2011 Open Source Matters and joomla-hrvatska.com. All rights reserved.</copyright>
	<license>GNU General Public License version 2 or later; see LICENSE.txt</license>
	<description></description>
	<files>
		<filename>hr-HR.ini</filename>
	</files>
	<metadata>
		<name>Croatian</name>
		<tag>hr-HR</tag>
		<rtl>0</rtl>
	</metadata>
	<params />
</metafile>
