<?xml version="1.0" encoding="utf-8"?>
<metafile version="3.8" client="administrator">
	<name>Croatian (hr-HR)</name>
	<version>3.8.8</version>
	<creationDate>Svibanj 2018.</creationDate>
	<author>Croatian Translation Team</author>
	<authorEmail>prijevod@joomla.hr</authorEmail>
	<authorUrl>http://www.joomla.hr</authorUrl>
	<copyright>Copyright (C) 2005 - 2018 Open Source Matters &amp; joomla.hr. All rights reserved.</copyright>
	<license>GNU General Public License version 2 or later; see LICENSE.txt</license>
	<description><![CDATA[hr-HR jezik administracije]]></description>
	<metadata>
		<name>Croatian (hr-HR)</name>
		<nativeName>Croatian (Hrvatski)</nativeName>
		<tag>hr-HR</tag>
		<rtl>0</rtl>
		<locale>hr_HR, hrv_HRV, hr, hrv, croatian, hrvatski, Croatian, Hrvatski, hr_HR.utf8</locale>
		<firstDay>1</firstDay>
		<weekEnd>0,6</weekEnd>
		<calendar>gregorian</calendar>
	</metadata>
	<params />
</metafile>
