<?xml version="1.0" encoding="utf-8"?>
<metafile version="3.6" client="administrator">
	<tag>hr-HR</tag>
	<name>Croatian (hr-HR)</name>
	<version>3.6.3.1</version>
	<creationDate>Kolovoz 2016.</creationDate>
	<author>Croatian Translation Team</author>
	<authorEmail>prijevod@joomla.hr</authorEmail>
	<authorUrl>http://www.joomla.hr</authorUrl>
	<copyright>Copyright (C) 2005 - 2016 Open Source Matters &amp; joomla.hr. All rights reserved.</copyright>
	<license>GNU General Public License version 2 or later; see LICENSE.txt</license>
	<description><![CDATA[Croatian language for Joomla - Administrator]]></description>
	<metadata>
		<name>Croatian (hr-HR)</name>
		<tag>hr-HR</tag>
		<rtl>0</rtl>
		<locale>hr_HR, hrv_HRV, hr, hrv, croatian, hrvatski, Croatian, Hrvatski, hr_HR.utf8</locale>
		<firstDay>1</firstDay>
		<weekEnd>0,6</weekEnd>
	</metadata>
	<params />
</metafile>
