<?xml version="1.0" encoding="UTF-8" ?>
<extension type="package" version="2.5">
	<name>Croatian Language Pack</name>
	<packagename>hr-HR</packagename>
	<version>2.5.1</version>
	<creationDate>2012-02-08</creationDate>
	<url>www.joomla.hr</url>
	<packager>Croatian Translation Team</packager>
	<packagerurl>www.joomla.hr</packagerurl>
	<description><![CDATA[
		<div align="center">
		<table border="0" width="90%">
			<tr>
				<td width="100%" colspan="2">
					<div align="center"><h3>Hrvatski prijevod Joomla! 2.5.1 od Joomla.hr</h3></div>
					<hr />
				</td>
			</tr>
			<tr>
				<td width="20%"><u><strong>Područje:</strong></u></td>
				<td width="80%">Website (Frontend) i Administracija (Backend)</td>
			</tr>
			<tr>
				<td width="20%"><u><strong>Joomla! verzija:</strong></u></td>
				<td width="80%">2.5.1</td>
			</tr>
			<tr>
				<td width="20%"><u><strong>Verzija prijevoda:</strong></u></td>
				<td width="80%">2.5.1</td>
			</tr>
				<td width="100%" colspan="2"><hr /></td>
			<tr>
				<td width="20%"><u><strong>Joomla Hrvatska Website:</strong></u></td>
				<td width="80%"><a href="http://www.joomla.hr" target="_blank">http://www.joomla.hr</a></td>
			</tr>
			<tr>
				<td width="20%"><u><strong>Joomla Hrvatska - Website za preuzimanje prijevoda:</strong></u></td>
				<td width="80%"><a href="http://joomlacode.org/gf/project/joomlahrvatska/frs/" target="_blank">http://joomlacode.org/gf/project/joomlahrvatska/frs/</a></td>
			</tr>
			<tr>
				<td width="100%" colspan="2">
					<strong><font color="#008000">Preporučamo da redovito provjeravate site za preuzimanje prijevoda da biste uvijek imali aktualnu verziju.</font></strong><br/></br/>
					<br/>
					<strong>SAVJET: </strong> Pretplatite se na primanje obavijesti o novim dokumentima:<br/>
					<br/>
					1) registrirajte se na <a href="http://joomlacode.org/">http://joomlacode.org/</a>, te se prijavite<br/>
					2) otvorite link <a href="http://joomlacode.org/gf/project/joomlahrvatska/frs/?action=FrsReleaseBrowse&frs_package_id=6269">paketa za v2.5</a><br/>
					3) pronađite u lijevom izborniku funkciju "Monitor Package" i uključite je.<br/>
				</td>
			</tr>
		</table>
		</div>]]>
	</description>
	<files>
		<file type="language" client="site" id="hr-HR">site_hr-HR.zip</file>
		<file type="language" client="administrator" id="hr-HR">admin_hr-HR.zip</file>
		<file type="file" id="hr-HR">tinymce_lang_pack_hr_J25.zip</file>
	</files>
	<updateservers>
    <server type="extension" priority="1" name="Croatian Language Pack">http://update.joomla.hr/core_hr-HR/update_hr_hr.xml</server>
  </updateservers>
</extension>