<?xml version="1.0" encoding="UTF-8"?>
<extension type="package" version="3.5" method="upgrade">
	<name>Croatian Language Pack</name>
	<packagename>hr-HR</packagename>
	<version>3.5.0.1</version>
	<creationDate>2016-03-09</creationDate>
	<author>Croatian Translation Team</author>
	<authorEmail>prijevod@joomla.hr</authorEmail>
	<authorUrl>http://www.joomla.hr</authorUrl>
	<copyright>Copyright (C) 2005 - 2016 Open Source Matters &amp; joomla.hr. All rights reserved.</copyright>
	<license>GNU General Public License version 2 or later; see LICENSE.txt</license>
	<url></url>
	<packager>Croatian Translation Team</packager>
	<packagerurl>www.joomla.hr</packagerurl>
	<description>hr-HR language pack</description>
	<files>
		<file type="language" client="site" id="hr-HR">site_hr-HR.zip</file>
		<file type="language" client="administrator" id="hr-HR">admin_hr-HR.zip</file>
	</files>
	<updateservers>
		<server type="collection" priority="1" name="Accredited Joomla! Translations">http://update.joomla.org/language/translationlist_3.xml</server>
	</updateservers>
</extension>
