<?xml version="1.0" encoding="utf-8"?>
<metafile version="2.5" client="administrator">
	<tag>hr-HR</tag>
	<name>Croatian</name>
	<description>Croatian admin language for Joomla 2.5</description>
	<version>2.5.6.1</version>
	<creationDate>2012-06-23</creationDate>
	<author>Croatian Translation Team</author>
	<authorEmail>prijevod@joomla.hr</authorEmail>
	<authorUrl>www.joomla.hr</authorUrl>
	<copyright>Copyright (C) 2005 - 2012 Open Source Matters &amp; Joomla.hr. All rights reserved.</copyright>
	<license>GNU General Public License version 2 or later; see LICENSE.txt</license>
	<metadata>
		<name>Croatian (HR)</name>
		<tag>hr-HR</tag>
		<rtl>0</rtl>
		<locale>hr_HR, hrv_HRV, hr, hrv, croatian, hrvatski, Croatian, Hrvatski, hr_HR.utf8</locale>
		<firstDay>1</firstDay>
	</metadata>
	<params />
</metafile>
