<?xml version="1.0" encoding="utf-8" ?>
<extension version="2.5" client="site" type="language" method="upgrade">
	<name>Croatian (hr-HR)</name>
	<tag>hr-HR</tag>
	<version>2.5.8.1</version>
	<creationDate>2012-11-09</creationDate>
	<author>Croatian Translation Team</author>
	<authorEmail>prijevod@joomla.hr</authorEmail>
	<authorUrl>www.joomla.hr</authorUrl>
	<copyright>Copyright (C) 2005 - 2012 Open Source Matters and joomla.hr. All rights reserved.</copyright>
	<license>GNU General Public License version 2 or later; see LICENSE.txt</license>
	<description><![CDATA[
		<div align="center">
		<table border="0" width="90%">
			<tr>
				<td width="100%" colspan="2">
					<div align="center"><h3>Hrvatski prijevod Joomla! 2.5.8 od Joomla.hr</h3></div>
					<hr />
				</td>
			</tr>
			<tr>
				<td width="20%"><u><strong>Područje:</strong></u></td>
				<td width="80%">Website (Frontend)</td>
			</tr>
			<tr>
				<td width="20%"><u><strong>Joomla! verzija:</strong></u></td>
				<td width="80%">2.5.8</td>
			</tr>
			<tr>
				<td width="20%"><u><strong>Verzija prijevoda:</strong></u></td>
				<td width="80%">2.5.8</td>
			</tr>
				<td width="100%" colspan="2"><hr /></td>
			<tr>
				<td width="20%"><u><strong>Joomla Hrvatska Website:</strong></u></td>
				<td width="80%"><a href="http://www.joomla.hr" target="_blank">http://www.joomla.hr</a></td>
			</tr>
			<tr>
				<td width="20%"><u><strong>Joomla Hrvatska - Website za preuzimanje prijevoda:</strong></u></td>
				<td width="80%"><a href="http://joomlacode.org/gf/project/joomlahrvatska/frs/" target="_blank">http://joomlacode.org/gf/project/joomlahrvatska/frs/</a></td>
			</tr>
			<tr>
				<td width="100%" colspan="2">
					<strong><font color="#008000">Preporučamo da redovito provjeravate site za preuzimanje prijevoda da biste uvijek imali aktualnu verziju.</font></strong><br/></br/>
					<br/>
					<strong>SAVJET: </strong> Pretplatite se na primanje obavijesti o novim dokumentima:<br/>
					<br/>
					1) registrirajte se na <a href="http://joomlacode.org/">http://joomlacode.org/</a>, te se prijavite<br/>
					2) otvorite link <a href="http://joomlacode.org/gf/project/joomlahrvatska/frs/?action=FrsReleaseBrowse&frs_package_id=6269">paketa za v2.5</a><br/>
					3) pronađite u lijevom izborniku funkciju "Monitor Package" i uključite je.<br/>
				</td>
			</tr>
		</table>
		</div>]]>
	</description>
	<files>
		<filename>index.html</filename>
		<filename>hr-HR.com_contact.ini</filename>
		<filename>hr-HR.com_content.ini</filename>
		<filename>hr-HR.com_finder.ini</filename>
		<filename>hr-HR.com_mailto.ini</filename>
		<filename>hr-HR.com_media.ini</filename>
		<filename>hr-HR.com_messages.ini</filename>
		<filename>hr-HR.com_newsfeeds.ini</filename>
		<filename>hr-HR.com_search.ini</filename>
		<filename>hr-HR.com_users.ini</filename>
		<filename>hr-HR.com_weblinks.ini</filename>
		<filename>hr-HR.com_wrapper.ini</filename>
		<filename>hr-HR.files_joomla.sys.ini</filename>
		<filename>hr-HR.finder_cli.ini</filename>
		<filename>hr-HR.ini</filename>
		<filename>hr-HR.lib_joomla.ini</filename>
		<filename>hr-HR.lib_joomla.sys.ini</filename>
		<filename>hr-HR.lib_phpmailer.sys.ini</filename>
		<filename>hr-HR.lib_phputf8.sys.ini</filename>
		<filename>hr-HR.lib_simplepie.sys.ini</filename>
		<filename>hr-HR.localise.php</filename>
		<filename>hr-HR.mod_articles_archive.ini</filename>
		<filename>hr-HR.mod_articles_archive.sys.ini</filename>
		<filename>hr-HR.mod_articles_categories.ini</filename>
		<filename>hr-HR.mod_articles_categories.sys.ini</filename>
		<filename>hr-HR.mod_articles_category.ini</filename>
		<filename>hr-HR.mod_articles_category.sys.ini</filename>
		<filename>hr-HR.mod_articles_latest.ini</filename>
		<filename>hr-HR.mod_articles_latest.sys.ini</filename>
		<filename>hr-HR.mod_articles_news.ini</filename>
		<filename>hr-HR.mod_articles_news.sys.ini</filename>
		<filename>hr-HR.mod_articles_popular.ini</filename>
		<filename>hr-HR.mod_articles_popular.sys.ini</filename>
		<filename>hr-HR.mod_banners.ini</filename>
		<filename>hr-HR.mod_banners.sys.ini</filename>
		<filename>hr-HR.mod_breadcrumbs.ini</filename>
		<filename>hr-HR.mod_breadcrumbs.sys.ini</filename>
		<filename>hr-HR.mod_custom.ini</filename>
		<filename>hr-HR.mod_custom.sys.ini</filename>
		<filename>hr-HR.mod_feed.ini</filename>
		<filename>hr-HR.mod_feed.sys.ini</filename>
		<filename>hr-HR.mod_finder.ini</filename>
		<filename>hr-HR.mod_finder.sys.ini</filename>
		<filename>hr-HR.mod_footer.ini</filename>
		<filename>hr-HR.mod_footer.sys.ini</filename>
		<filename>hr-HR.mod_languages.ini</filename>
		<filename>hr-HR.mod_languages.sys.ini</filename>
		<filename>hr-HR.mod_login.ini</filename>
		<filename>hr-HR.mod_login.sys.ini</filename>
		<filename>hr-HR.mod_menu.ini</filename>
		<filename>hr-HR.mod_menu.sys.ini</filename>
		<filename>hr-HR.mod_random_image.ini</filename>
		<filename>hr-HR.mod_random_image.sys.ini</filename>
		<filename>hr-HR.mod_related_items.ini</filename>
		<filename>hr-HR.mod_related_items.sys.ini</filename>
		<filename>hr-HR.mod_search.ini</filename>
		<filename>hr-HR.mod_search.sys.ini</filename>
		<filename>hr-HR.mod_stats.ini</filename>
		<filename>hr-HR.mod_stats.sys.ini</filename>
		<filename>hr-HR.mod_syndicate.ini</filename>
		<filename>hr-HR.mod_syndicate.sys.ini</filename>
		<filename>hr-HR.mod_users_latest.ini</filename>
		<filename>hr-HR.mod_users_latest.sys.ini</filename>
		<filename>hr-HR.mod_weblinks.ini</filename>
		<filename>hr-HR.mod_weblinks.sys.ini</filename>
		<filename>hr-HR.mod_whosonline.ini</filename>
		<filename>hr-HR.mod_whosonline.sys.ini</filename>
		<filename>hr-HR.mod_wrapper.ini</filename>
		<filename>hr-HR.mod_wrapper.sys.ini</filename>
		<filename>hr-HR.pkg_joomla.sys.ini</filename>
		<filename>hr-HR.tpl_atomic.ini</filename>
		<filename>hr-HR.tpl_atomic.sys.ini</filename>
		<filename>hr-HR.tpl_beez_20.ini</filename>
		<filename>hr-HR.tpl_beez_20.sys.ini</filename>
		<filename>hr-HR.tpl_beez5.ini</filename>
		<filename>hr-HR.tpl_beez5.sys.ini</filename>
		<filename file="meta">install.xml</filename>
		<filename file="meta">hr-HR.xml</filename>
	</files>
	<params />
</extension>
