<?xml version="1.0" encoding="utf-8" ?>
<extension version="3.0" client="administrator" type="language" method="upgrade">
	<name>Croatian (HR)</name>
	<tag>hr-HR</tag>
	<version>3.0.2.1</version>
	<creationDate>2012-11-09</creationDate>
	<author>Croatian Translation Team</author>
	<authorEmail>prijevod@joomla.hr</authorEmail>
	<authorUrl>www.joomla.hr</authorUrl>
	<copyright>Copyright (C) 2005 - 2012 Open Source Matters and joomla.hr. All rights reserved.</copyright>
	<license>GNU General Public License version 2 or later; see LICENSE.txt</license>
	<description><![CDATA[
		<div align="center">
		<table border="0" width="90%">
			<tr>
				<td width="100%" colspan="2">
					<div align="center"><h3>Hrvatski prijevod Joomla! 3.0.2 od Joomla.hr</h3></div>
					<hr />
				</td>
			</tr>
			<tr>
				<td width="20%"><u><strong>Područje:</strong></u></td>
				<td width="80%">Administracija (Backend)</td>
			</tr>
			<tr>
				<td width="20%"><u><strong>Joomla! verzija:</strong></u></td>
				<td width="80%">3.0.2</td>
			</tr>
			<tr>
				<td width="20%"><u><strong>Verzija prijevoda:</strong></u></td>
				<td width="80%">3.0.2.1</td>
			</tr>
				<td width="100%" colspan="2"><hr /></td>
			<tr>
				<td width="20%"><u><strong>Joomla Hrvatska Website:</strong></u></td>
				<td width="80%"><a href="http://www.joomla.hr" target="_blank">http://www.joomla.hr</a></td>
			</tr>
			<tr>
				<td width="20%"><u><strong>Joomla Hrvatska - Website za preuzimanje prijevoda:</strong></u></td>
				<td width="80%"><a href="http://joomlacode.org/gf/project/joomlahrvatska/frs/" target="_blank">http://joomlacode.org/gf/project/joomlahrvatska/frs/</a></td>
			</tr>
			<tr>
				<td width="100%" colspan="2">
					<strong><font color="#008000">Preporučamo da redovito provjeravate site za preuzimanje prijevoda da biste uvijek imali aktualnu verziju.</font></strong><br/></br/>
					<br/>
					<strong>SAVJET: </strong> Pretplatite se na primanje obavijesti o novim dokumentima:<br/>
					<br/>
					1) registrirajte se na <a href="http://joomlacode.org/">http://joomlacode.org/</a>, te se prijavite<br/>
					2) otvorite link <a href="http://joomlacode.org/gf/project/joomlahrvatska/frs/?action=FrsReleaseBrowse&frs_package_id=6507">paketa za v3.0</a><br/>
					3) pronađite u lijevom izborniku funkciju "Monitor Package" i uključite je.<br/>
				</td>
			</tr>
		</table>
		</div>]]>
	</description>
	<files>
		<filename>index.html</filename>
		<filename>hr-HR.com_admin.ini</filename>
		<filename>hr-HR.com_admin.sys.ini</filename>
		<filename>hr-HR.com_banners.ini</filename>
		<filename>hr-HR.com_banners.sys.ini</filename>
		<filename>hr-HR.com_cache.ini</filename>
		<filename>hr-HR.com_cache.sys.ini</filename>
		<filename>hr-HR.com_categories.ini</filename>
		<filename>hr-HR.com_categories.sys.ini</filename>
		<filename>hr-HR.com_checkin.ini</filename>
		<filename>hr-HR.com_checkin.sys.ini</filename>
		<filename>hr-HR.com_config.ini</filename>
		<filename>hr-HR.com_config.sys.ini</filename>
		<filename>hr-HR.com_contact.ini</filename>
		<filename>hr-HR.com_contact.sys.ini</filename>
		<filename>hr-HR.com_content.ini</filename>
		<filename>hr-HR.com_content.sys.ini</filename>
		<filename>hr-HR.com_cpanel.ini</filename>
		<filename>hr-HR.com_cpanel.sys.ini</filename>
		<filename>hr-HR.com_finder.ini</filename>
		<filename>hr-HR.com_finder.sys.ini</filename>
		<filename>hr-HR.com_installer.ini</filename>
		<filename>hr-HR.com_installer.sys.ini</filename>
		<filename>hr-HR.com_joomlaupdate.ini</filename>
		<filename>hr-HR.com_joomlaupdate.sys.ini</filename>
		<filename>hr-HR.com_languages.ini</filename>
		<filename>hr-HR.com_languages.sys.ini</filename>
		<filename>hr-HR.com_login.ini</filename>
		<filename>hr-HR.com_login.sys.ini</filename>
		<filename>hr-HR.com_mailto.sys.ini</filename>
		<filename>hr-HR.com_media.ini</filename>
		<filename>hr-HR.com_media.sys.ini</filename>
		<filename>hr-HR.com_menus.ini</filename>
		<filename>hr-HR.com_menus.sys.ini</filename>
		<filename>hr-HR.com_messages.ini</filename>
		<filename>hr-HR.com_messages.sys.ini</filename>
		<filename>hr-HR.com_modules.ini</filename>
		<filename>hr-HR.com_modules.sys.ini</filename>
		<filename>hr-HR.com_newsfeeds.ini</filename>
		<filename>hr-HR.com_newsfeeds.sys.ini</filename>
		<filename>hr-HR.com_plugins.ini</filename>
		<filename>hr-HR.com_plugins.sys.ini</filename>
		<filename>hr-HR.com_redirect.ini</filename>
		<filename>hr-HR.com_redirect.sys.ini</filename>
		<filename>hr-HR.com_search.ini</filename>
		<filename>hr-HR.com_search.sys.ini</filename>
		<filename>hr-HR.com_templates.ini</filename>
		<filename>hr-HR.com_templates.sys.ini</filename>
		<filename>hr-HR.com_users.ini</filename>
		<filename>hr-HR.com_users.sys.ini</filename>
		<filename>hr-HR.com_weblinks.ini</filename>
		<filename>hr-HR.com_weblinks.sys.ini</filename>
		<filename>hr-HR.com_wrapper.ini</filename>
		<filename>hr-HR.com_wrapper.sys.ini</filename>
		<filename>hr-HR.ini</filename>
		<filename>hr-HR.lib_joomla.ini</filename>
		<filename>hr-HR.localise.php</filename>
		<filename>hr-HR.mod_custom.ini</filename>
		<filename>hr-HR.mod_custom.sys.ini</filename>
		<filename>hr-HR.mod_feed.ini</filename>
		<filename>hr-HR.mod_feed.sys.ini</filename>
		<filename>hr-HR.mod_latest.ini</filename>
		<filename>hr-HR.mod_latest.sys.ini</filename>
		<filename>hr-HR.mod_logged.ini</filename>
		<filename>hr-HR.mod_logged.sys.ini</filename>
		<filename>hr-HR.mod_login.ini</filename>
		<filename>hr-HR.mod_login.sys.ini</filename>
		<filename>hr-HR.mod_menu.ini</filename>
		<filename>hr-HR.mod_menu.sys.ini</filename>
		<filename>hr-HR.mod_multilangstatus.ini</filename>
		<filename>hr-HR.mod_multilangstatus.sys.ini</filename>
		<filename>hr-HR.mod_popular.ini</filename>
		<filename>hr-HR.mod_popular.sys.ini</filename>
		<filename>hr-HR.mod_quickicon.ini</filename>
		<filename>hr-HR.mod_quickicon.sys.ini</filename>
		<filename>hr-HR.mod_stats_admin.ini</filename>
		<filename>hr-HR.mod_stats_admin.sys.ini</filename>
		<filename>hr-HR.mod_status.ini</filename>
		<filename>hr-HR.mod_status.sys.ini</filename>
		<filename>hr-HR.mod_submenu.ini</filename>
		<filename>hr-HR.mod_submenu.sys.ini</filename>
		<filename>hr-HR.mod_title.ini</filename>
		<filename>hr-HR.mod_title.sys.ini</filename>
		<filename>hr-HR.mod_toolbar.ini</filename>
		<filename>hr-HR.mod_toolbar.sys.ini</filename>
		<filename>hr-HR.mod_version.ini</filename>
		<filename>hr-HR.mod_version.sys.ini</filename>
		<filename>hr-HR.plg_authentication_gmail.ini</filename>
		<filename>hr-HR.plg_authentication_gmail.sys.ini</filename>
		<filename>hr-HR.plg_authentication_joomla.ini</filename>
		<filename>hr-HR.plg_authentication_joomla.sys.ini</filename>
		<filename>hr-HR.plg_authentication_ldap.ini</filename>
		<filename>hr-HR.plg_authentication_ldap.sys.ini</filename>
		<filename>hr-HR.plg_captcha_recaptcha.ini</filename>
		<filename>hr-HR.plg_captcha_recaptcha.sys.ini</filename>
		<filename>hr-HR.plg_content_emailcloak.ini</filename>
		<filename>hr-HR.plg_content_emailcloak.sys.ini</filename>
		<filename>hr-HR.plg_content_finder.ini</filename>
		<filename>hr-HR.plg_content_finder.sys.ini</filename>
		<filename>hr-HR.plg_content_geshi.ini</filename>
		<filename>hr-HR.plg_content_geshi.sys.ini</filename>
		<filename>hr-HR.plg_content_joomla.ini</filename>
		<filename>hr-HR.plg_content_joomla.sys.ini</filename>
		<filename>hr-HR.plg_content_loadmodule.ini</filename>
		<filename>hr-HR.plg_content_loadmodule.sys.ini</filename>
		<filename>hr-HR.plg_content_pagebreak.ini</filename>
		<filename>hr-HR.plg_content_pagebreak.sys.ini</filename>
		<filename>hr-HR.plg_content_pagenavigation.ini</filename>
		<filename>hr-HR.plg_content_pagenavigation.sys.ini</filename>
		<filename>hr-HR.plg_content_vote.ini</filename>
		<filename>hr-HR.plg_content_vote.sys.ini</filename>
		<filename>hr-HR.plg_editors_codemirror.ini</filename>
		<filename>hr-HR.plg_editors_codemirror.sys.ini</filename>
		<filename>hr-HR.plg_editors_none.ini</filename>
		<filename>hr-HR.plg_editors_none.sys.ini</filename>
		<filename>hr-HR.plg_editors_tinymce.ini</filename>
		<filename>hr-HR.plg_editors_tinymce.sys.ini</filename>
		<filename>hr-HR.plg_editors-xtd_article.ini</filename>
		<filename>hr-HR.plg_editors-xtd_article.sys.ini</filename>
		<filename>hr-HR.plg_editors-xtd_image.ini</filename>
		<filename>hr-HR.plg_editors-xtd_image.sys.ini</filename>
		<filename>hr-HR.plg_editors-xtd_pagebreak.ini</filename>
		<filename>hr-HR.plg_editors-xtd_pagebreak.sys.ini</filename>
		<filename>hr-HR.plg_editors-xtd_readmore.ini</filename>
		<filename>hr-HR.plg_editors-xtd_readmore.sys.ini</filename>
		<filename>hr-HR.plg_extension_joomla.ini</filename>
		<filename>hr-HR.plg_extension_joomla.sys.ini</filename>
		<filename>hr-HR.plg_finder_categories.ini</filename>
		<filename>hr-HR.plg_finder_categories.sys.ini</filename>
		<filename>hr-HR.plg_finder_contacts.ini</filename>
		<filename>hr-HR.plg_finder_contacts.sys.ini</filename>
		<filename>hr-HR.plg_finder_content.ini</filename>
		<filename>hr-HR.plg_finder_content.sys.ini</filename>
		<filename>hr-HR.plg_finder_newsfeeds.ini</filename>
		<filename>hr-HR.plg_finder_newsfeeds.sys.ini</filename>
		<filename>hr-HR.plg_finder_weblinks.ini</filename>
		<filename>hr-HR.plg_finder_weblinks.sys.ini</filename>
		<filename>hr-HR.plg_quickicon_extensionupdate.ini</filename>
		<filename>hr-HR.plg_quickicon_extensionupdate.sys.ini</filename>
		<filename>hr-HR.plg_quickicon_joomlaupdate.ini</filename>
		<filename>hr-HR.plg_quickicon_joomlaupdate.sys.ini</filename>
		<filename>hr-HR.plg_search_categories.ini</filename>
		<filename>hr-HR.plg_search_categories.sys.ini</filename>
		<filename>hr-HR.plg_search_contacts.ini</filename>
		<filename>hr-HR.plg_search_contacts.sys.ini</filename>
		<filename>hr-HR.plg_search_content.ini</filename>
		<filename>hr-HR.plg_search_content.sys.ini</filename>
		<filename>hr-HR.plg_search_newsfeeds.ini</filename>
		<filename>hr-HR.plg_search_newsfeeds.sys.ini</filename>
		<filename>hr-HR.plg_search_weblinks.ini</filename>
		<filename>hr-HR.plg_search_weblinks.sys.ini</filename>
		<filename>hr-HR.plg_system_cache.ini</filename>
		<filename>hr-HR.plg_system_cache.sys.ini</filename>
		<filename>hr-HR.plg_system_debug.ini</filename>
		<filename>hr-HR.plg_system_debug.sys.ini</filename>
		<filename>hr-HR.plg_system_highlight.ini</filename>
		<filename>hr-HR.plg_system_highlight.sys.ini</filename>
		<filename>hr-HR.plg_system_languagecode.ini</filename>
		<filename>hr-HR.plg_system_languagecode.sys.ini</filename>
		<filename>hr-HR.plg_system_languagefilter.ini</filename>
		<filename>hr-HR.plg_system_languagefilter.sys.ini</filename>
		<filename>hr-HR.plg_system_log.ini</filename>
		<filename>hr-HR.plg_system_log.sys.ini</filename>
		<filename>hr-HR.plg_system_logout.ini</filename>
		<filename>hr-HR.plg_system_logout.sys.ini</filename>
		<filename>hr-HR.plg_system_p3p.ini</filename>
		<filename>hr-HR.plg_system_p3p.sys.ini</filename>
		<filename>hr-HR.plg_system_redirect.ini</filename>
		<filename>hr-HR.plg_system_redirect.sys.ini</filename>
		<filename>hr-HR.plg_system_remember.ini</filename>
		<filename>hr-HR.plg_system_remember.sys.ini</filename>
		<filename>hr-HR.plg_system_sef.ini</filename>
		<filename>hr-HR.plg_system_sef.sys.ini</filename>
		<filename>hr-HR.plg_user_contactcreator.ini</filename>
		<filename>hr-HR.plg_user_contactcreator.sys.ini</filename>
		<filename>hr-HR.plg_user_joomla.ini</filename>
		<filename>hr-HR.plg_user_joomla.sys.ini</filename>
		<filename>hr-HR.plg_user_profile.ini</filename>
		<filename>hr-HR.plg_user_profile.sys.ini</filename>
		<filename>hr-HR.tpl_hathor.ini</filename>
		<filename>hr-HR.tpl_hathor.sys.ini</filename>
		<filename>hr-HR.tpl_isis.sys.ini</filename>
		<filename>hr-HR.tpl_isis.ini</filename>
		<filename file="meta">install.xml</filename>
		<filename file="meta">hr-HR.xml</filename>
	</files>
</extension>
