<?xml version="1.0" encoding="utf-8"?>
<metafile version="1.7" client="administrator" method="upgrade" >
	<tag>hr-HR</tag>
	<name>Croatian</name>
	<description>Croatian admin language for Joomla 1.7</description>
	<version>1.7.0</version>
	<creationDate>2011-08-01</creationDate>
	<author>Croatian Translation Team</author>
	<authorEmail>prijevod@joomla-hrvatska.com</authorEmail>
	<authorUrl>www.joomla-hrvatska.com</authorUrl>
	<copyright>Copyright (C) 2005 - 2011 Open Source Matters and joomla-hrvatska.com. All rights reserved.</copyright>
	<license>GNU General Public License version 2 or later; see LICENSE.txt</license>
	<metadata>
		<name>Croatian</name>
		<tag>hr-HR</tag>
		<rtl>0</rtl>
		<locale>hr_HR, hrv_HRV, hr, hrv, croatian, hrvatski, Croatian, Hrvatski, hr_HR.utf8</locale>
		<firstDay>1</firstDay>
	</metadata>
	<params />
</metafile>
