<?xml version="1.0" encoding="utf-8"?>
<extension version="3.8" client="administrator" type="language" method="upgrade">
	<name>Croatian (hr-HR)</name>
	<tag>hr-HR</tag>
	<version>3.8.5.1</version>
	<creationDate>Veljača 2018.</creationDate>
	<author>Croatian Translation Team</author>
	<authorEmail>prijevod@joomla.hr</authorEmail>
	<authorUrl>http://www.joomla.hr</authorUrl>
	<copyright>Copyright (C) 2005 - 2018 Open Source Matters &amp; joomla.hr. All rights reserved.</copyright>
	<license>GNU General Public License version 2 or later; see LICENSE.txt</license>
	<description>hr-HR jezik administracije</description>
	<files>
		<folder>/</folder>
		<filename file="meta">install.xml</filename>
	</files>
	<params />
</extension>
